Dimension,Time
128,270.7346667
256,297.7636667
512,338.2253333
