Dimension,Efficiency
600,0.0825
1000,0.123299928
1400,0.145070876
1800,0.144045657
2200,0.202792898
2600,0.144121487
3000,0.137942288
4096,0.15205541
6144,0.160032258
8192,0.167936821
10240,0.168751645
