Dimension,Efficiency
600,0.755187144
1000,0.778802114
1400,0.772567622
1800,0.751839965
2200,0.747977986
2600,0.759116077
3000,0.757928474
4096,0.726921017
6144,0.621879614
8192,0.553016048
10240,0.521469848
