Dimension,GFLOPS
4096,4.220406776
6144,4.387137812
8192,4.061214773
10240,4.373010965
