Dimension,GFLOPS
4096,4.743636222
6144,5.034967686
8192,3.692564778
10240,4.994376444
