Dimension,GFLOPS
600,2.88
1000,4.294917681
1400,4.243298969
1800,3.992036918
2200,5.519958528
2600,3.878770046
3000,3.71006527
4096,4.027947915
6144,4.271054663
8192,4.39550298
10240,4.508893239
