Dimension,Speedup
600,6.041497152
1000,6.230416913
1400,6.180540972
1800,6.014719718
2200,5.983823886
2600,6.072928613
3000,6.063427788
4096,5.815368133
6144,4.975036914
8192,4.424128386
10240,4.171758788
