Dimension,GFLOPS
600,2.326750449
1000,1.787310098
1400,1.680685994
1800,0.656596551
2200,0.553972617
2600,0.510890629
3000,0.466895119
