Dimension,Time
128,491.0766667
256,429.9803333
512,425.7196667
