Dimension,GFLOPS
4096,4.591604049
6144,5.085253332
8192,3.250825764
10240,5.044360917
