Dimension,Speedup
600,0.66
1000,0.986399427
1400,1.16056701
1800,1.152365252
2200,1.622343183
2600,1.152971899
3000,1.103538303
4096,1.216443281
6144,1.280258061
8192,1.343494564
10240,1.350013158
