Dimension,Time
128,32.56533333
256,28.97333333
512,33.223
