Dimension,GFLOPS
600,26.36289666
1000,27.12808525
1400,22.59747425
1800,20.836261
2200,20.35972415
2600,20.43024085
3000,20.38507661
4096,19.25613822
6144,16.59716525
8192,14.47439388
10240,13.93320864
