Dimension,GFLOPS
4096,3.311250084
6144,3.336088865
8192,3.271693907
10240,3.339888366