Dimension,Time
4096,41.50666667
6144,139.042
8192,336.068
10240,642.9806667
