Dimension,GFLOPS
600,4.363636364
1000,4.35413643
1400,3.656229181
1800,3.464211464
2200,3.402460457
2600,3.364149679
3000,3.361972357
4096,3.311250084
6144,3.336088865
8192,3.271693907
10240,3.339888366
